number,value,datetime_start,datetime_complete,duration,params_FS Ratio,params_FS Tech,params_Model,params_OV Tech,params_Scaler,state
0,0.7671164008259714,2025-03-18 12:24:18.555884,2025-03-18 12:25:13.524747,0 days 00:00:54.968863,60,Chi2,ETs,SMOTE,QT,COMPLETE
1,0.0,2025-03-18 12:24:18.681358,2025-03-18 12:25:04.765548,0 days 00:00:46.084190,90,RF,RF,ADASYN,MaxAbs,COMPLETE
2,0.8359780866136696,2025-03-18 12:24:18.822874,2025-03-18 12:25:20.896362,0 days 00:01:02.073488,60,,ETs,SMOTE,Standard,COMPLETE
3,0.7883807070498455,2025-03-18 12:24:18.932652,2025-03-18 12:25:17.371311,0 days 00:00:58.438659,10,,MLP,BorderlineSMOTE,Standard,COMPLETE
4,0.0,2025-03-18 12:24:19.042548,2025-03-18 12:25:12.831371,0 days 00:00:53.788823,60,LDA,KNN,,Normalizer,COMPLETE
5,0.777277793991223,2025-03-18 12:24:19.168016,2025-03-18 12:25:28.976799,0 days 00:01:09.808783,100,,ETs,BorderlineSMOTE,Robust,COMPLETE
6,0.0,2025-03-18 12:24:19.262311,2025-03-18 12:25:06.048300,0 days 00:00:46.785989,50,Chi2,RF,BorderlineSMOTE,Normalizer,COMPLETE
7,0.7189443889440637,2025-03-18 12:24:19.403975,2025-03-18 12:25:11.052154,0 days 00:00:51.648179,10,ANOVA,SGD,SMOTE,MinMax,COMPLETE
8,0.7089274214823573,2025-03-18 12:24:19.545205,2025-03-18 12:25:09.244920,0 days 00:00:49.699715,60,RFE,SGD,,MaxAbs,COMPLETE
9,0.7735982127741543,2025-03-18 12:24:19.688974,2025-03-18 12:25:24.320088,0 days 00:01:04.631114,100,,ETs,BorderlineSMOTE,Standard,COMPLETE
10,0.742284154134772,2025-03-18 12:24:19.812433,2025-03-18 12:25:13.129921,0 days 00:00:53.317488,80,,DT,SMOTE,,COMPLETE
11,0.0,2025-03-18 12:24:19.922380,2025-03-18 12:25:07.846933,0 days 00:00:47.924553,30,LDA,KNN,BorderlineSMOTE,QT,COMPLETE
12,0.739066770403286,2025-03-18 12:24:20.032283,2025-03-18 12:25:10.282116,0 days 00:00:50.249833,10,ANOVA,KNN,,Normalizer,COMPLETE
13,0.0,2025-03-18 12:24:20.157723,2025-03-18 12:25:10.062235,0 days 00:00:49.904512,50,RF,MLP,,Standard,COMPLETE
14,0.7622890115343633,2025-03-18 12:24:20.267629,2025-03-18 12:25:23.468248,0 days 00:01:03.200619,100,,ETs,BorderlineSMOTE,Standard,COMPLETE
15,0.7665412447596143,2025-03-18 12:24:20.394071,2025-03-18 12:25:01.669819,0 days 00:00:41.275748,30,MI,RF,SMOTE,QT,COMPLETE
16,0.7987214260389264,2025-03-18 12:24:20.519650,2025-03-18 12:24:48.581104,0 days 00:00:28.061454,10,,ETs,SMOTE,Robust,COMPLETE
17,0.7931228606614193,2025-03-18 12:24:20.693277,2025-03-18 12:25:20.723365,0 days 00:01:00.030088,60,,ETs,SMOTE,Standard,COMPLETE
18,0.8091588643912369,2025-03-18 12:24:20.834490,2025-03-18 12:24:57.396173,0 days 00:00:36.561683,60,PCA,MLP,SMOTE,Standard,COMPLETE
19,0.0,2025-03-18 12:24:20.975678,2025-03-18 12:25:01.968185,0 days 00:00:40.992507,60,RF,MLP,ADASYN,QT,COMPLETE
20,0.7713602414484393,2025-03-18 12:24:21.101707,2025-03-18 12:25:10.580686,0 days 00:00:49.478979,50,PCA,ETs,,MinMax,COMPLETE
21,0.7740601155436738,2025-03-18 12:24:21.227322,2025-03-18 12:24:48.565414,0 days 00:00:27.338092,40,PCA,KNN,SMOTE,QT,COMPLETE
22,0.7701586393079335,2025-03-18 12:24:21.352891,2025-03-18 12:25:04.012328,0 days 00:00:42.659437,10,RF,RF,ADASYN,,COMPLETE
23,0.7635471306113909,2025-03-18 12:24:21.478446,2025-03-18 12:25:39.462997,0 days 00:01:17.984551,10,,SGD,BorderlineSMOTE,Standard,COMPLETE
24,0.8006970046081134,2025-03-18 12:24:21.604477,2025-03-18 12:25:10.926521,0 days 00:00:49.322044,30,ANOVA,ETs,BorderlineSMOTE,QT,COMPLETE
25,0.7109376152767692,2025-03-18 12:24:21.745747,2025-03-18 12:25:02.847602,0 days 00:00:41.101855,30,MI,DT,ADASYN,Normalizer,COMPLETE
26,0.0,2025-03-18 12:24:21.871276,2025-03-18 12:25:05.441126,0 days 00:00:43.569850,80,Chi2,SGD,SVMSMOTE,Robust,COMPLETE
27,0.7420792545791197,2025-03-18 12:24:22.012977,2025-03-18 12:24:57.553026,0 days 00:00:35.540049,50,ANOVA,DT,SMOTE,Normalizer,COMPLETE
28,0.7830768868812257,2025-03-18 12:24:22.122910,2025-03-18 12:25:05.592407,0 days 00:00:43.469497,60,PCA,ETs,SVMSMOTE,Robust,COMPLETE
29,0.6924350649350737,2025-03-18 12:24:22.232853,2025-03-18 12:25:00.774334,0 days 00:00:38.541481,30,PCA,KNN,SVMSMOTE,Robust,COMPLETE
30,0.0,2025-03-18 12:24:22.389081,2025-03-18 12:25:11.649098,0 days 00:00:49.260017,20,Chi2,AB,BorderlineSMOTE,MaxAbs,COMPLETE
31,0.6902857142860689,2025-03-18 12:24:22.562105,2025-03-18 12:25:08.145505,0 days 00:00:45.583400,10,MI,MLP,,Normalizer,COMPLETE
32,0.0,2025-03-18 12:24:22.671949,2025-03-18 12:25:05.907638,0 days 00:00:43.235689,70,LDA,AB,SMOTE,,COMPLETE
33,0.7818633126132235,2025-03-18 12:24:22.813665,2025-03-18 12:24:57.396173,0 days 00:00:34.582508,30,ANOVA,RF,SVMSMOTE,MinMax,COMPLETE
34,0.0,2025-03-18 12:24:22.954864,2025-03-18 12:25:15.014256,0 days 00:00:52.059392,60,LDA,SGD,SMOTE,Robust,COMPLETE
35,0.8052025555691822,2025-03-18 12:24:23.098024,2025-03-18 12:25:12.171370,0 days 00:00:49.073346,40,Chi2,ETs,,QT,COMPLETE
36,0.7733011370392096,2025-03-18 12:24:23.221932,2025-03-18 12:25:03.789989,0 days 00:00:40.568057,50,PCA,MLP,,MinMax,COMPLETE
37,0.6852347622690302,2025-03-18 12:24:23.363022,2025-03-18 12:25:01.198793,0 days 00:00:37.835771,70,PCA,KNN,SVMSMOTE,Normalizer,COMPLETE
38,0.0,2025-03-18 12:24:23.472952,2025-03-18 12:25:04.027974,0 days 00:00:40.555022,80,Chi2,AB,,Standard,COMPLETE
39,0.7576060473267463,2025-03-18 12:24:23.599534,2025-03-18 12:25:12.171370,0 days 00:00:48.571836,60,RFE,MLP,SMOTE,MaxAbs,COMPLETE
40,0.7598364759126987,2025-03-18 12:24:23.724590,2025-03-18 12:24:47.461592,0 days 00:00:23.737002,80,Chi2,AB,,QT,COMPLETE
41,0.0,2025-03-18 12:24:23.850170,2025-03-18 12:25:10.266494,0 days 00:00:46.416324,30,RF,AB,SVMSMOTE,MinMax,COMPLETE
42,0.763961212537733,2025-03-18 12:24:23.991304,2025-03-18 12:25:10.282116,0 days 00:00:46.290812,90,ANOVA,AB,SVMSMOTE,,COMPLETE
43,0.0,2025-03-18 12:24:24.007340,2025-03-18 12:25:06.654506,0 days 00:00:42.647166,50,RF,SGD,BorderlineSMOTE,MinMax,COMPLETE
44,0.0,2025-03-18 12:24:24.163642,2025-03-18 12:25:10.062235,0 days 00:00:45.898593,10,LDA,KNN,SVMSMOTE,QT,COMPLETE
45,0.7446831763009304,2025-03-18 12:24:24.401706,2025-03-18 12:24:49.680932,0 days 00:00:25.279226,90,Chi2,KNN,,QT,COMPLETE
46,0.7724921097420419,2025-03-18 12:24:24.542728,2025-03-18 12:25:31.066056,0 days 00:01:06.523328,100,,ETs,BorderlineSMOTE,Standard,COMPLETE
47,0.7292466587288288,2025-03-18 12:24:24.652667,2025-03-18 12:25:16.067141,0 days 00:00:51.414474,70,MI,ETs,BorderlineSMOTE,Normalizer,COMPLETE
48,0.7769534632033104,2025-03-18 12:24:24.778090,2025-03-18 12:25:15.155915,0 days 00:00:50.377825,30,MI,ETs,ADASYN,QT,COMPLETE
49,0.0,2025-03-18 12:24:24.904053,2025-03-18 12:25:02.973131,0 days 00:00:38.069078,20,Chi2,AB,SMOTE,MaxAbs,COMPLETE
50,0.7760369242163179,2025-03-18 12:24:25.045294,2025-03-18 12:25:29.589859,0 days 00:01:04.544565,60,RFE,MLP,BorderlineSMOTE,Standard,COMPLETE
51,0.0,2025-03-18 12:24:25.170825,2025-03-18 12:24:52.163459,0 days 00:00:26.992634,30,LDA,ETs,SMOTE,Robust,COMPLETE
52,0.8035230578269331,2025-03-18 12:24:25.312479,2025-03-18 12:25:20.126250,0 days 00:00:54.813771,60,,ETs,BorderlineSMOTE,Standard,COMPLETE
53,0.0,2025-03-18 12:24:25.657841,2025-03-18 12:25:10.297745,0 days 00:00:44.639904,80,Chi2,ETs,SVMSMOTE,MaxAbs,COMPLETE
54,0.7848234393479918,2025-03-18 12:24:53.766812,2025-03-18 12:25:25.293751,0 days 00:00:31.526939,100,,ETs,BorderlineSMOTE,Robust,COMPLETE
55,0.8135956352845746,2025-03-18 12:25:05.032664,2025-03-18 12:25:35.802521,0 days 00:00:30.769857,40,,ETs,BorderlineSMOTE,Standard,COMPLETE
56,0.817572738008048,2025-03-18 12:25:12.831371,2025-03-18 12:26:19.647868,0 days 00:01:06.816497,40,,ETs,BorderlineSMOTE,Standard,COMPLETE
57,0.779221092916706,2025-03-18 12:25:16.742627,2025-03-18 12:26:07.163318,0 days 00:00:50.420691,40,,ETs,BorderlineSMOTE,Standard,COMPLETE
58,0.7809735787286958,2025-03-18 12:25:17.905273,2025-03-18 12:26:23.074528,0 days 00:01:05.169255,40,ANOVA,ETs,BorderlineSMOTE,Standard,COMPLETE
59,0.6924350649350737,2025-03-18 12:25:18.376297,2025-03-18 12:26:29.893312,0 days 00:01:11.517015,60,PCA,DT,SMOTE,Standard,COMPLETE
60,0.777277793991223,2025-03-18 12:25:18.665708,2025-03-18 12:25:47.412362,0 days 00:00:28.746654,40,,ETs,BorderlineSMOTE,Standard,COMPLETE
61,0.795924696402128,2025-03-18 12:25:18.822575,2025-03-18 12:25:54.357354,0 days 00:00:35.534779,40,,ETs,SMOTE,Standard,COMPLETE
62,0.7496284762835288,2025-03-18 12:25:18.979771,2025-03-18 12:26:58.240843,0 days 00:01:39.261072,60,PCA,RF,SMOTE,Standard,COMPLETE
63,0.7724921097420419,2025-03-18 12:25:19.155282,2025-03-18 12:26:25.587296,0 days 00:01:06.432014,60,ANOVA,ETs,BorderlineSMOTE,Standard,COMPLETE
64,0.8062073090997538,2025-03-18 12:25:19.419309,2025-03-18 12:25:53.808208,0 days 00:00:34.388899,40,,ETs,SMOTE,Standard,COMPLETE
65,0.828414099470048,2025-03-18 12:25:19.560986,2025-03-18 12:26:10.619903,0 days 00:00:51.058917,40,,ETs,BorderlineSMOTE,Standard,COMPLETE
66,0.821121331424993,2025-03-18 12:25:19.733523,2025-03-18 12:26:03.855252,0 days 00:00:44.121729,40,,ETs,BorderlineSMOTE,Standard,COMPLETE
67,0.7855923332770851,2025-03-18 12:25:19.906497,2025-03-18 12:26:08.074565,0 days 00:00:48.168068,40,,ETs,BorderlineSMOTE,Standard,COMPLETE
68,0.7286588319654864,2025-03-18 12:25:21.885727,2025-03-18 12:26:37.850866,0 days 00:01:15.965139,60,PCA,DT,SMOTE,Standard,COMPLETE
69,0.7716312951315296,2025-03-18 12:25:22.278370,2025-03-18 12:25:57.015573,0 days 00:00:34.737203,40,,ETs,BorderlineSMOTE,Standard,COMPLETE
70,0.7197546841702296,2025-03-18 12:25:22.450831,2025-03-18 12:26:55.539517,0 days 00:01:33.088686,60,PCA,DT,SMOTE,Standard,COMPLETE
71,0.7848234393479918,2025-03-18 12:25:22.702506,2025-03-18 12:25:43.696259,0 days 00:00:20.993753,40,,ETs,BorderlineSMOTE,Standard,COMPLETE
72,0.8024322563534219,2025-03-18 12:25:22.866272,2025-03-18 12:25:51.483706,0 days 00:00:28.617434,40,,ETs,SMOTE,Standard,COMPLETE
73,0.7329956230887913,2025-03-18 12:25:23.016534,2025-03-18 12:26:53.494212,0 days 00:01:30.477678,60,PCA,DT,ADASYN,,COMPLETE
74,0.7671164008259714,2025-03-18 12:25:23.173840,2025-03-18 12:25:58.243136,0 days 00:00:35.069296,40,,ETs,BorderlineSMOTE,Standard,COMPLETE
75,0.7902748414374892,2025-03-18 12:25:23.314514,2025-03-18 12:26:10.132794,0 days 00:00:46.818280,40,ANOVA,ETs,BorderlineSMOTE,Standard,COMPLETE
76,0.7903158623258622,2025-03-18 12:25:23.613072,2025-03-18 12:25:44.701791,0 days 00:00:21.088719,40,,ETs,SMOTE,Standard,COMPLETE
77,0.8034090909089577,2025-03-18 12:25:23.817302,2025-03-18 12:26:14.331169,0 days 00:00:50.513867,40,,ETs,BorderlineSMOTE,Standard,COMPLETE
78,0.8006057183555868,2025-03-18 12:25:23.990306,2025-03-18 12:26:00.426013,0 days 00:00:36.435707,40,,ETs,BorderlineSMOTE,Standard,COMPLETE
79,0.7072974550794182,2025-03-18 12:25:24.131500,2025-03-18 12:26:27.913847,0 days 00:01:03.782347,60,,DT,SMOTE,Standard,COMPLETE
80,0.7968772426325257,2025-03-18 12:25:24.304508,2025-03-18 12:25:50.132988,0 days 00:00:25.828480,40,,ETs,SMOTE,Standard,COMPLETE
81,0.8052481476075807,2025-03-18 12:25:24.461203,2025-03-18 12:25:52.962761,0 days 00:00:28.501558,40,,ETs,SMOTE,Standard,COMPLETE
82,0.7940924251296104,2025-03-18 12:25:24.602381,2025-03-18 12:25:58.840068,0 days 00:00:34.237687,40,,ETs,SMOTE,Standard,COMPLETE
83,0.8090004295201945,2025-03-18 12:25:24.885283,2025-03-18 12:26:09.991163,0 days 00:00:45.105880,40,,ETs,BorderlineSMOTE,Standard,COMPLETE
84,0.7922081410209119,2025-03-18 12:25:25.042158,2025-03-18 12:25:53.336737,0 days 00:00:28.294579,40,,ETs,SMOTE,Standard,COMPLETE
85,0.7578205539342509,2025-03-18 12:25:25.278059,2025-03-18 12:26:59.953374,0 days 00:01:34.675315,60,RFE,RF,SMOTE,Standard,COMPLETE
86,0.7696540528436417,2025-03-18 12:25:25.544850,2025-03-18 12:26:08.074565,0 days 00:00:42.529715,40,,ETs,BorderlineSMOTE,Standard,COMPLETE
87,0.714596908670671,2025-03-18 12:25:25.686532,2025-03-18 12:26:38.321893,0 days 00:01:12.635361,60,PCA,DT,SMOTE,Standard,COMPLETE
88,0.7668104417609997,2025-03-18 12:25:25.827704,2025-03-18 12:26:05.859701,0 days 00:00:40.031997,40,,ETs,BorderlineSMOTE,Standard,COMPLETE
89,0.7329956230887913,2025-03-18 12:25:25.984986,2025-03-18 12:26:49.520664,0 days 00:01:23.535678,60,,DT,SMOTE,Standard,COMPLETE
90,0.7538076760636327,2025-03-18 12:25:26.157491,2025-03-18 12:26:20.259965,0 days 00:00:54.102474,60,,DT,SMOTE,Standard,COMPLETE
91,0.7735982127741543,2025-03-18 12:25:26.385202,2025-03-18 12:25:58.086251,0 days 00:00:31.701049,40,,ETs,BorderlineSMOTE,Standard,COMPLETE
92,0.7837900370735615,2025-03-18 12:25:28.788711,2025-03-18 12:26:07.964623,0 days 00:00:39.175912,40,,ETs,BorderlineSMOTE,Standard,COMPLETE
93,0.7011643615492904,2025-03-18 12:25:29.183047,2025-03-18 12:26:59.937296,0 days 00:01:30.754249,60,PCA,MLP,SMOTE,,COMPLETE
94,0.7864826839825096,2025-03-18 12:25:29.416963,2025-03-18 12:26:55.539517,0 days 00:01:26.122554,60,PCA,RF,SMOTE,Standard,COMPLETE
95,0.8157961872436473,2025-03-18 12:25:30.045081,2025-03-18 12:26:12.256889,0 days 00:00:42.211808,40,ANOVA,ETs,BorderlineSMOTE,Standard,COMPLETE
96,0.7671164008259714,2025-03-18 12:25:30.563501,2025-03-18 12:27:06.287280,0 days 00:01:35.723779,60,PCA,RF,SMOTE,Standard,COMPLETE
97,0.8052481476075807,2025-03-18 12:25:36.006741,2025-03-18 12:26:15.445839,0 days 00:00:39.439098,40,,ETs,BorderlineSMOTE,Standard,COMPLETE
98,0.7430647840531204,2025-03-18 12:25:36.762274,2025-03-18 12:26:26.153128,0 days 00:00:49.390854,60,PCA,DT,SMOTE,Standard,COMPLETE
99,0.7968772426325257,2025-03-18 12:25:37.029336,2025-03-18 12:26:23.529877,0 days 00:00:46.500541,40,,ETs,SMOTE,Standard,COMPLETE
100,0.7599265249336045,2025-03-18 12:25:37.707006,2025-03-18 12:26:24.676703,0 days 00:00:46.969697,60,,DT,SMOTE,Standard,COMPLETE
101,0.7541585076840578,2025-03-18 12:25:41.924440,2025-03-18 12:26:29.469110,0 days 00:00:47.544670,60,PCA,DT,SMOTE,Standard,COMPLETE
102,0.7386376044868714,2025-03-18 12:25:43.319082,2025-03-18 12:26:25.587296,0 days 00:00:42.268214,60,PCA,DT,SMOTE,Standard,COMPLETE
103,0.8117885078371352,2025-03-18 12:25:45.251914,2025-03-18 12:27:05.894274,0 days 00:01:20.642360,20,PCA,RF,BorderlineSMOTE,Standard,COMPLETE
104,0.7628014592932992,2025-03-18 12:25:50.761801,2025-03-18 12:27:15.948946,0 days 00:01:25.187145,60,PCA,DT,ADASYN,,COMPLETE
105,0.7314723428173635,2025-03-18 12:25:51.959665,2025-03-18 12:26:51.429887,0 days 00:00:59.470222,60,PCA,DT,ADASYN,Standard,COMPLETE
106,0.77992844607141,2025-03-18 12:25:53.509750,2025-03-18 12:27:23.203675,0 days 00:01:29.693925,20,PCA,RF,ADASYN,,COMPLETE
107,0.7885079051382798,2025-03-18 12:25:55.773079,2025-03-18 12:27:00.630873,0 days 00:01:04.857794,60,PCA,RF,SMOTE,Standard,COMPLETE
108,0.761948807006868,2025-03-18 12:25:57.756097,2025-03-18 12:27:13.120748,0 days 00:01:15.364651,60,PCA,DT,SMOTE,Standard,COMPLETE
109,0.7488243537036076,2025-03-18 12:26:01.625262,2025-03-18 12:27:35.825463,0 days 00:01:34.200201,60,PCA,RF,ADASYN,,COMPLETE
110,0.7212708858720493,2025-03-18 12:26:03.824002,2025-03-18 12:26:57.346287,0 days 00:00:53.522285,60,PCA,DT,SMOTE,Standard,COMPLETE
111,0.7912231182794098,2025-03-18 12:26:07.839069,2025-03-18 12:27:28.046220,0 days 00:01:20.207151,70,RFE,RF,ADASYN,,COMPLETE
112,0.7817095933577575,2025-03-18 12:26:08.467468,2025-03-18 12:27:54.269043,0 days 00:01:45.801575,20,RFE,RF,ADASYN,,COMPLETE
113,0.7864826839825096,2025-03-18 12:26:08.606554,2025-03-18 12:27:37.790674,0 days 00:01:29.184120,20,PCA,RF,ADASYN,,COMPLETE
114,0.8168348891660864,2025-03-18 12:26:10.415645,2025-03-18 12:27:36.139509,0 days 00:01:25.723864,70,RFE,RF,ADASYN,,COMPLETE
115,0.8042997883928539,2025-03-18 12:26:11.943508,2025-03-18 12:27:09.043419,0 days 00:00:57.099911,60,PCA,MLP,ADASYN,,COMPLETE
116,0.7797951287981286,2025-03-18 12:26:13.435032,2025-03-18 12:27:46.265652,0 days 00:01:32.830620,20,RFE,RF,ADASYN,,COMPLETE
117,0.7596320346318908,2025-03-18 12:26:13.859695,2025-03-18 12:27:13.513617,0 days 00:00:59.653922,20,PCA,MLP,ADASYN,Standard,COMPLETE
118,0.7940476190475072,2025-03-18 12:26:15.194202,2025-03-18 12:27:35.641521,0 days 00:01:20.447319,70,RFE,RF,ADASYN,,COMPLETE
119,0.8025371437368107,2025-03-18 12:26:18.172051,2025-03-18 12:27:35.842113,0 days 00:01:17.670062,20,ANOVA,SGD,BorderlineSMOTE,MinMax,COMPLETE
120,0.7676669227858481,2025-03-18 12:26:19.396410,2025-03-18 12:27:58.045935,0 days 00:01:38.649525,40,,ETs,BorderlineSMOTE,Standard,COMPLETE
121,0.7467441307722948,2025-03-18 12:26:20.652741,2025-03-18 12:27:42.558183,0 days 00:01:21.905442,90,RFE,RF,ADASYN,,COMPLETE
122,0.787438596832168,2025-03-18 12:26:20.856940,2025-03-18 12:27:56.453665,0 days 00:01:35.596725,20,RFE,RF,BorderlineSMOTE,,COMPLETE
123,0.0,2025-03-18 12:26:21.036429,2025-03-18 12:27:49.398245,0 days 00:01:28.361816,90,RF,MLP,BorderlineSMOTE,MinMax,COMPLETE
124,0.0,2025-03-18 12:26:22.744196,2025-03-18 12:27:42.229586,0 days 00:01:19.485390,20,RF,MLP,BorderlineSMOTE,MaxAbs,COMPLETE
125,0.736515965918124,2025-03-18 12:26:23.090156,2025-03-18 12:27:23.957499,0 days 00:01:00.867343,90,RFE,RF,ADASYN,MinMax,COMPLETE
126,0.7962023344750931,2025-03-18 12:26:24.393868,2025-03-18 12:27:54.962183,0 days 00:01:30.568315,20,RFE,RF,ADASYN,,COMPLETE
127,0.710756410407369,2025-03-18 12:26:25.178799,2025-03-18 12:27:49.885231,0 days 00:01:24.706432,40,ANOVA,SGD,BorderlineSMOTE,Normalizer,COMPLETE
128,0.34285714285724567,2025-03-18 12:26:25.744110,2025-03-18 12:27:37.397790,0 days 00:01:11.653680,20,ANOVA,SGD,BorderlineSMOTE,Normalizer,COMPLETE
129,0.0,2025-03-18 12:26:26.350808,2025-03-18 12:27:37.790674,0 days 00:01:11.439866,20,RF,SGD,BorderlineSMOTE,MinMax,COMPLETE
130,0.7711032461030453,2025-03-18 12:26:28.934827,2025-03-18 12:27:57.731946,0 days 00:01:28.797119,20,RFE,RF,BorderlineSMOTE,,COMPLETE
131,0.7227489177489578,2025-03-18 12:26:31.341480,2025-03-18 12:27:47.340658,0 days 00:01:15.999178,40,ANOVA,SGD,BorderlineSMOTE,Normalizer,COMPLETE
132,0.0,2025-03-18 12:26:32.984068,2025-03-18 12:27:27.045041,0 days 00:00:54.060973,20,RF,MLP,BorderlineSMOTE,MinMax,COMPLETE
133,0.0,2025-03-18 12:26:35.761712,2025-03-18 12:27:48.518746,0 days 00:01:12.757034,20,RF,SGD,BorderlineSMOTE,MinMax,COMPLETE
134,0.0,2025-03-18 12:26:37.301279,2025-03-18 12:27:42.261162,0 days 00:01:04.959883,20,RF,SGD,BorderlineSMOTE,MaxAbs,COMPLETE
135,0.8280428873449843,2025-03-18 12:26:39.436623,2025-03-18 12:28:00.323647,0 days 00:01:20.887024,70,MI,ETs,BorderlineSMOTE,Standard,COMPLETE
136,0.6809942468191632,2025-03-18 12:26:40.708728,2025-03-18 12:27:51.481838,0 days 00:01:10.773110,20,ANOVA,SGD,BorderlineSMOTE,MaxAbs,COMPLETE
137,0.7865094918680888,2025-03-18 12:26:44.944838,2025-03-18 12:28:04.818805,0 days 00:01:19.873967,70,MI,ETs,BorderlineSMOTE,MaxAbs,COMPLETE
138,0.0,2025-03-18 12:26:46.839958,2025-03-18 12:28:01.979291,0 days 00:01:15.139333,20,RF,SGD,BorderlineSMOTE,MaxAbs,COMPLETE
139,0.7896670863029064,2025-03-18 12:26:48.861459,2025-03-18 12:27:42.245595,0 days 00:00:53.384136,20,ANOVA,SGD,BorderlineSMOTE,MaxAbs,COMPLETE
140,0.7493074403748653,2025-03-18 12:26:52.771782,2025-03-18 12:27:59.004298,0 days 00:01:06.232516,70,ANOVA,ETs,BorderlineSMOTE,Normalizer,COMPLETE
141,0.7809735787286958,2025-03-18 12:26:54.799194,2025-03-18 12:28:26.055001,0 days 00:01:31.255807,40,,ETs,BorderlineSMOTE,Standard,COMPLETE
142,0.8132498546613812,2025-03-18 12:26:59.248086,2025-03-18 12:27:48.031802,0 days 00:00:48.783716,40,ANOVA,SGD,BorderlineSMOTE,MaxAbs,COMPLETE
143,0.8099769212267682,2025-03-18 12:27:01.715233,2025-03-18 12:28:03.973755,0 days 00:01:02.258522,40,ANOVA,SGD,BorderlineSMOTE,MaxAbs,COMPLETE
144,0.7783568592726121,2025-03-18 12:27:03.223543,2025-03-18 12:28:00.166268,0 days 00:00:56.942725,40,,ETs,BorderlineSMOTE,Standard,COMPLETE
145,0.796855476532285,2025-03-18 12:27:04.370034,2025-03-18 12:28:20.840489,0 days 00:01:16.470455,40,,ETs,BorderlineSMOTE,MaxAbs,COMPLETE
146,0.8201230333910482,2025-03-18 12:27:11.242111,2025-03-18 12:28:15.299753,0 days 00:01:04.057642,40,,ETs,BorderlineSMOTE,Standard,COMPLETE
147,0.7707789306078692,2025-03-18 12:27:12.781893,2025-03-18 12:27:56.280858,0 days 00:00:43.498965,40,,ETs,BorderlineSMOTE,MaxAbs,COMPLETE
148,0.7884161068815152,2025-03-18 12:27:24.774119,2025-03-18 12:28:01.108259,0 days 00:00:36.334140,40,,ETs,BorderlineSMOTE,Standard,COMPLETE
149,0.0,2025-03-18 12:27:27.858264,2025-03-18 12:28:25.171652,0 days 00:00:57.313388,100,MI,ETs,,Robust,COMPLETE
150,0.7894072608952406,2025-03-18 12:27:29.145954,2025-03-18 12:28:11.090084,0 days 00:00:41.944130,40,,ETs,BorderlineSMOTE,Standard,COMPLETE
151,0.0,2025-03-18 12:27:30.481296,2025-03-18 12:28:27.800978,0 days 00:00:57.319682,100,MI,ETs,,Robust,COMPLETE
152,0.7774997385415789,2025-03-18 12:27:31.203749,2025-03-18 12:28:08.938570,0 days 00:00:37.734821,70,MI,ETs,BorderlineSMOTE,MaxAbs,COMPLETE
153,0.787503643964816,2025-03-18 12:27:35.212933,2025-03-18 12:28:06.724161,0 days 00:00:31.511228,40,,ETs,BorderlineSMOTE,MaxAbs,COMPLETE
154,0.0,2025-03-18 12:27:36.628331,2025-03-18 12:28:29.985821,0 days 00:00:53.357490,100,MI,KNN,BorderlineSMOTE,Standard,COMPLETE
155,0.8155591416672229,2025-03-18 12:27:40.821102,2025-03-18 12:28:09.315216,0 days 00:00:28.494114,40,,ETs,BorderlineSMOTE,Standard,COMPLETE
156,0.0,2025-03-18 12:27:41.355566,2025-03-18 12:28:16.194777,0 days 00:00:34.839211,100,LDA,KNN,,Robust,COMPLETE
157,0.7877592768334127,2025-03-18 12:27:41.899011,2025-03-18 12:28:17.771485,0 days 00:00:35.872474,70,MI,ETs,,Standard,COMPLETE
158,0.7562180760640039,2025-03-18 12:27:43.689983,2025-03-18 12:28:13.727063,0 days 00:00:30.037080,40,,ETs,BorderlineSMOTE,Standard,COMPLETE
159,0.7921640942589949,2025-03-18 12:27:45.182222,2025-03-18 12:28:32.144108,0 days 00:00:46.961886,40,,ETs,BorderlineSMOTE,Standard,COMPLETE
160,0.7922942546583552,2025-03-18 12:27:45.684991,2025-03-18 12:28:22.238594,0 days 00:00:36.553603,70,MI,ETs,,Standard,COMPLETE
161,0.7783568592726121,2025-03-18 12:27:45.904639,2025-03-18 12:28:56.744296,0 days 00:01:10.839657,10,,ETs,BorderlineSMOTE,Standard,COMPLETE
162,0.0,2025-03-18 12:27:47.560495,2025-03-18 12:29:04.942537,0 days 00:01:17.382042,100,MI,ETs,,Robust,COMPLETE
163,0.8053520609503299,2025-03-18 12:27:47.717854,2025-03-18 12:28:43.873722,0 days 00:00:56.155868,10,,AB,BorderlineSMOTE,Standard,COMPLETE
164,0.0,2025-03-18 12:27:47.717854,2025-03-18 12:28:17.269446,0 days 00:00:29.551592,100,MI,KNN,,Robust,COMPLETE
165,0.7690966675926554,2025-03-18 12:27:48.031802,2025-03-18 12:28:17.253760,0 days 00:00:29.221958,40,Chi2,ETs,,QT,COMPLETE
166,0.8047818047267972,2025-03-18 12:27:48.314560,2025-03-18 12:29:03.927433,0 days 00:01:15.612873,80,,AB,BorderlineSMOTE,Standard,COMPLETE
167,0.7987945737141554,2025-03-18 12:27:50.562548,2025-03-18 12:28:20.385972,0 days 00:00:29.823424,70,MI,ETs,,Standard,COMPLETE
168,0.7464587427221299,2025-03-18 12:27:52.054649,2025-03-18 12:28:23.039235,0 days 00:00:30.984586,70,MI,ETs,BorderlineSMOTE,MaxAbs,COMPLETE
169,0.7826787410119186,2025-03-18 12:27:51.505049,2025-03-18 12:28:58.128018,0 days 00:01:06.622969,10,,AB,BorderlineSMOTE,Standard,COMPLETE
170,0.7960119047617088,2025-03-18 12:27:53.028206,2025-03-18 12:28:32.711119,0 days 00:00:39.682913,10,,AB,BorderlineSMOTE,Standard,COMPLETE
171,0.0,2025-03-18 12:27:53.625675,2025-03-18 12:28:31.588062,0 days 00:00:37.962387,100,MI,KNN,,Robust,COMPLETE
172,0.0,2025-03-18 12:27:53.829285,2025-03-18 12:28:15.582650,0 days 00:00:21.753365,50,LDA,KNN,,Robust,COMPLETE
173,0.7634317223211616,2025-03-18 12:27:54.033562,2025-03-18 12:28:43.869634,0 days 00:00:49.836072,80,,AB,BorderlineSMOTE,Standard,COMPLETE
174,0.7599265249336045,2025-03-18 12:27:55.393149,2025-03-18 12:28:28.767812,0 days 00:00:33.374663,10,MI,ETs,BorderlineSMOTE,Standard,COMPLETE
175,0.0,2025-03-18 12:27:56.029763,2025-03-18 12:28:18.741383,0 days 00:00:22.711620,100,MI,ETs,SVMSMOTE,Robust,COMPLETE
176,0.7372809762631884,2025-03-18 12:27:57.301706,2025-03-18 12:28:30.958754,0 days 00:00:33.657048,10,ANOVA,ETs,BorderlineSMOTE,Standard,COMPLETE
177,0.7645412715275541,2025-03-18 12:27:59.003234,2025-03-18 12:28:41.849091,0 days 00:00:42.845857,80,,AB,BorderlineSMOTE,Standard,COMPLETE
178,0.0,2025-03-18 12:28:00.009443,2025-03-18 12:28:24.607397,0 days 00:00:24.597954,100,MI,KNN,,Robust,COMPLETE
179,0.0,2025-03-18 12:28:01.343820,2025-03-18 12:28:26.385267,0 days 00:00:25.041447,100,ANOVA,ETs,BorderlineSMOTE,Standard,COMPLETE
180,0.8015131051442907,2025-03-18 12:28:03.329887,2025-03-18 12:28:33.338874,0 days 00:00:30.008987,10,,ETs,BorderlineSMOTE,Standard,COMPLETE
181,0.7931228606614193,2025-03-18 12:28:03.769506,2025-03-18 12:28:37.983003,0 days 00:00:34.213497,10,,ETs,BorderlineSMOTE,Standard,COMPLETE
182,0.757419496002957,2025-03-18 12:28:05.481694,2025-03-18 12:28:48.764791,0 days 00:00:43.283097,80,,ETs,BorderlineSMOTE,Standard,COMPLETE
183,0.7931055469055698,2025-03-18 12:28:08.294218,2025-03-18 12:28:35.767245,0 days 00:00:27.473027,10,,ETs,BorderlineSMOTE,Standard,COMPLETE
184,0.7931228606614193,2025-03-18 12:28:09.472577,2025-03-18 12:28:58.310899,0 days 00:00:48.838322,80,,ETs,BorderlineSMOTE,Standard,COMPLETE
185,0.790405693597138,2025-03-18 12:28:10.587355,2025-03-18 12:29:20.547339,0 days 00:01:09.959984,40,,ETs,BorderlineSMOTE,Standard,COMPLETE
186,0.7345595835485751,2025-03-18 12:28:10.791561,2025-03-18 12:29:08.013862,0 days 00:00:57.222301,40,,AB,BorderlineSMOTE,Standard,COMPLETE
187,0.8319125213542524,2025-03-18 12:28:15.174205,2025-03-18 12:28:47.962742,0 days 00:00:32.788537,40,,ETs,BorderlineSMOTE,Standard,COMPLETE
188,0.7826787410119186,2025-03-18 12:28:15.928048,2025-03-18 12:29:01.844986,0 days 00:00:45.916938,40,,ETs,BorderlineSMOTE,Standard,COMPLETE
189,0.7607832022511276,2025-03-18 12:28:17.269446,2025-03-18 12:29:04.549255,0 days 00:00:47.279809,40,,AB,BorderlineSMOTE,Standard,COMPLETE
190,0.8155591416672229,2025-03-18 12:28:18.258591,2025-03-18 12:28:57.870858,0 days 00:00:39.612267,80,,ETs,BorderlineSMOTE,Standard,COMPLETE
191,0.7864826839825096,2025-03-18 12:28:22.286040,2025-03-18 12:29:27.998616,0 days 00:01:05.712576,40,,AB,BorderlineSMOTE,Standard,COMPLETE
192,0.7940476190475072,2025-03-18 12:28:22.222971,2025-03-18 12:28:59.059368,0 days 00:00:36.836397,80,,ETs,BorderlineSMOTE,Standard,COMPLETE
193,0.7874482643987095,2025-03-18 12:28:23.617872,2025-03-18 12:29:14.223007,0 days 00:00:50.605135,40,,AB,BorderlineSMOTE,Standard,COMPLETE
194,0.7476330209872624,2025-03-18 12:28:24.297623,2025-03-18 12:29:32.565269,0 days 00:01:08.267646,40,ANOVA,MLP,BorderlineSMOTE,Standard,COMPLETE
195,0.8090004295201945,2025-03-18 12:28:25.694638,2025-03-18 12:29:05.905264,0 days 00:00:40.210626,80,,ETs,BorderlineSMOTE,Standard,COMPLETE
196,0.8137651705512134,2025-03-18 12:28:25.898228,2025-03-18 12:29:14.552592,0 days 00:00:48.654364,40,,ETs,BorderlineSMOTE,Standard,COMPLETE
197,0.8052481476075807,2025-03-18 12:28:27.018801,2025-03-18 12:29:41.256986,0 days 00:01:14.238185,50,,ETs,SVMSMOTE,Standard,COMPLETE
198,0.7614647654641833,2025-03-18 12:28:27.262880,2025-03-18 12:29:11.032122,0 days 00:00:43.769242,40,,ETs,BorderlineSMOTE,Standard,COMPLETE
199,0.7809735787286958,2025-03-18 12:28:29.812840,2025-03-18 12:29:01.643187,0 days 00:00:31.830347,40,,ETs,BorderlineSMOTE,Standard,COMPLETE
200,0.7603483791176942,2025-03-18 12:28:30.802024,2025-03-18 12:29:47.093577,0 days 00:01:16.291553,40,ANOVA,SGD,BorderlineSMOTE,QT,COMPLETE
201,0.7762013875190423,2025-03-18 12:28:31.728587,2025-03-18 12:29:15.982018,0 days 00:00:44.253431,40,,MLP,BorderlineSMOTE,Standard,COMPLETE
202,0.791871391529435,2025-03-18 12:28:32.891082,2025-03-18 12:29:43.315804,0 days 00:01:10.424722,40,ANOVA,MLP,BorderlineSMOTE,Standard,COMPLETE
203,0.7538076760636327,2025-03-18 12:28:33.323246,2025-03-18 12:29:15.369543,0 days 00:00:42.046297,40,ANOVA,AB,BorderlineSMOTE,Standard,COMPLETE
204,0.7512652780173819,2025-03-18 12:28:34.872042,2025-03-18 12:29:18.462407,0 days 00:00:43.590365,40,,AB,BorderlineSMOTE,Standard,COMPLETE
205,0.7491929398377393,2025-03-18 12:28:35.421995,2025-03-18 12:29:33.289916,0 days 00:00:57.867921,40,ANOVA,MLP,SMOTE,Standard,COMPLETE
206,0.7978654344219257,2025-03-18 12:28:37.778874,2025-03-18 12:29:15.353916,0 days 00:00:37.575042,40,,AB,BorderlineSMOTE,Standard,COMPLETE
207,0.7533275729645956,2025-03-18 12:28:39.275806,2025-03-18 12:29:14.977184,0 days 00:00:35.701378,40,,AB,BorderlineSMOTE,Standard,COMPLETE
208,0.7965487149977815,2025-03-18 12:28:42.015671,2025-03-18 12:29:42.081275,0 days 00:01:00.065604,40,ANOVA,AB,BorderlineSMOTE,Standard,COMPLETE
209,0.7875684364652519,2025-03-18 12:28:43.557258,2025-03-18 12:29:18.710366,0 days 00:00:35.153108,40,ANOVA,MLP,BorderlineSMOTE,Standard,COMPLETE
210,0.7875684364652519,2025-03-18 12:28:43.903966,2025-03-18 12:30:04.332705,0 days 00:01:20.428739,40,ANOVA,MLP,BorderlineSMOTE,Standard,COMPLETE
211,0.7656704397905078,2025-03-18 12:28:45.445022,2025-03-18 12:29:47.504196,0 days 00:01:02.059174,40,ANOVA,MLP,SMOTE,Standard,COMPLETE
212,0.7744572134857036,2025-03-18 12:28:47.460086,2025-03-18 12:30:18.537297,0 days 00:01:31.077211,40,ANOVA,ETs,SVMSMOTE,QT,COMPLETE
213,0.7831168831165702,2025-03-18 12:28:47.679963,2025-03-18 12:30:03.798594,0 days 00:01:16.118631,30,ANOVA,SGD,SVMSMOTE,Standard,COMPLETE
214,0.7225044065628137,2025-03-18 12:28:48.102157,2025-03-18 12:29:48.013980,0 days 00:00:59.911823,80,ANOVA,SGD,SVMSMOTE,QT,COMPLETE
215,0.7826798148362194,2025-03-18 12:28:48.277718,2025-03-18 12:29:45.419459,0 days 00:00:57.141741,40,ANOVA,MLP,BorderlineSMOTE,Standard,COMPLETE
216,0.8447022689951357,2025-03-18 12:28:48.450730,2025-03-18 12:29:50.340795,0 days 00:01:01.890065,30,,SGD,BorderlineSMOTE,QT,COMPLETE
217,0.8116750924113054,2025-03-18 12:28:48.953380,2025-03-18 12:29:37.227052,0 days 00:00:48.273672,50,,ETs,SVMSMOTE,QT,COMPLETE
218,0.0,2025-03-18 12:28:50.844667,2025-03-18 12:30:50.405158,0 days 00:01:59.560491,30,LDA,ETs,BorderlineSMOTE,QT,COMPLETE
219,0.811584190936723,2025-03-18 12:28:51.321333,2025-03-18 12:29:42.544467,0 days 00:00:51.223134,30,ANOVA,SGD,SVMSMOTE,QT,COMPLETE
220,0.7683881499789209,2025-03-18 12:28:51.911041,2025-03-18 12:29:45.749147,0 days 00:00:53.838106,50,ANOVA,SGD,SVMSMOTE,QT,COMPLETE
221,0.7428895526178252,2025-03-18 12:28:54.929805,2025-03-18 12:29:48.832435,0 days 00:00:53.902630,30,ANOVA,SGD,BorderlineSMOTE,QT,COMPLETE
222,0.8463695639088595,2025-03-18 12:28:56.382818,2025-03-18 12:30:07.897375,0 days 00:01:11.514557,30,ANOVA,SGD,SVMSMOTE,QT,COMPLETE
223,0.654462244061867,2025-03-18 12:29:00.857772,2025-03-18 12:30:10.709933,0 days 00:01:09.852161,30,,SGD,SVMSMOTE,QT,COMPLETE
224,0.8070815295814274,2025-03-18 12:29:01.218756,2025-03-18 12:29:56.324853,0 days 00:00:55.106097,50,,ETs,SVMSMOTE,QT,COMPLETE
225,0.8006057183555868,2025-03-18 12:29:01.470365,2025-03-18 12:30:01.686626,0 days 00:01:00.216261,80,,ETs,SVMSMOTE,QT,COMPLETE
226,0.8518654036348432,2025-03-18 12:29:02.807983,2025-03-18 12:30:02.290609,0 days 00:00:59.482626,50,,ETs,BorderlineSMOTE,MaxAbs,COMPLETE
227,0.7544652459848202,2025-03-18 12:29:03.408325,2025-03-18 12:29:45.749147,0 days 00:00:42.340822,30,ANOVA,SGD,BorderlineSMOTE,Standard,COMPLETE
228,0.732472558579859,2025-03-18 12:29:04.257830,2025-03-18 12:30:11.039117,0 days 00:01:06.781287,30,ANOVA,SGD,SVMSMOTE,QT,COMPLETE
229,0.7846780254684327,2025-03-18 12:29:08.350707,2025-03-18 12:30:16.519946,0 days 00:01:08.169239,30,Chi2,SGD,SVMSMOTE,QT,COMPLETE
230,0.7504417975615242,2025-03-18 12:29:10.557138,2025-03-18 12:30:18.851702,0 days 00:01:08.294564,30,ANOVA,SGD,SVMSMOTE,QT,COMPLETE
231,0.763019904931735,2025-03-18 12:29:11.487950,2025-03-18 12:30:09.704849,0 days 00:00:58.216899,30,,SGD,SVMSMOTE,QT,COMPLETE
232,0.837243867243495,2025-03-18 12:29:12.361848,2025-03-18 12:30:18.286878,0 days 00:01:05.925030,30,ANOVA,SGD,BorderlineSMOTE,Standard,COMPLETE
233,0.7895165504887284,2025-03-18 12:29:14.019336,2025-03-18 12:30:45.749460,0 days 00:01:31.730124,50,,ETs,SVMSMOTE,QT,COMPLETE
234,0.7613191145139819,2025-03-18 12:29:15.971455,2025-03-18 12:30:04.615626,0 days 00:00:48.644171,50,ANOVA,SGD,SVMSMOTE,QT,COMPLETE
235,0.8000219540859541,2025-03-18 12:29:17.787173,2025-03-18 12:30:15.907044,0 days 00:00:58.119871,30,,SGD,SVMSMOTE,QT,COMPLETE
236,0.8144368279117165,2025-03-18 12:29:19.118664,2025-03-18 12:30:28.041912,0 days 00:01:08.923248,50,,ETs,SVMSMOTE,QT,COMPLETE
237,0.7396018858366374,2025-03-18 12:29:19.636458,2025-03-18 12:30:15.844010,0 days 00:00:56.207552,30,,SGD,SVMSMOTE,QT,COMPLETE
238,0.7829031768975333,2025-03-18 12:29:21.490109,2025-03-18 12:30:09.704849,0 days 00:00:48.214740,30,Chi2,ETs,SVMSMOTE,QT,COMPLETE
239,0.0,2025-03-18 12:29:25.418120,2025-03-18 12:30:13.797656,0 days 00:00:48.379536,30,Chi2,ETs,SVMSMOTE,MaxAbs,COMPLETE
240,0.8266639214699838,2025-03-18 12:29:26.300637,2025-03-18 12:30:22.827892,0 days 00:00:56.527255,30,,ETs,SVMSMOTE,QT,COMPLETE
241,0.8256551540245749,2025-03-18 12:29:29.596560,2025-03-18 12:30:10.148377,0 days 00:00:40.551817,30,,ETs,SVMSMOTE,QT,COMPLETE
242,0.7987214260389264,2025-03-18 12:29:29.979594,2025-03-18 12:30:18.537297,0 days 00:00:48.557703,30,,SGD,SVMSMOTE,QT,COMPLETE
243,0.0,2025-03-18 12:29:31.242653,2025-03-18 12:30:29.364344,0 days 00:00:58.121691,50,LDA,ETs,BorderlineSMOTE,MaxAbs,COMPLETE
244,0.7857080946094128,2025-03-18 12:29:31.572388,2025-03-18 12:30:23.188708,0 days 00:00:51.616320,30,,ETs,SVMSMOTE,MaxAbs,COMPLETE
245,0.7839465842376546,2025-03-18 12:29:32.574972,2025-03-18 12:30:22.622995,0 days 00:00:50.048023,30,,ETs,SVMSMOTE,MaxAbs,COMPLETE
246,0.0,2025-03-18 12:29:33.010179,2025-03-18 12:30:23.173098,0 days 00:00:50.162919,50,Chi2,SGD,SVMSMOTE,MaxAbs,COMPLETE
247,0.7954225318459989,2025-03-18 12:29:33.560269,2025-03-18 12:30:15.891373,0 days 00:00:42.331104,30,,SGD,SVMSMOTE,QT,COMPLETE
248,0.8496951278930156,2025-03-18 12:29:36.897298,2025-03-18 12:31:06.076438,0 days 00:01:29.179140,70,Chi2,RF,BorderlineSMOTE,QT,COMPLETE
249,0.8218993824744658,2025-03-18 12:29:37.714100,2025-03-18 12:31:08.181233,0 days 00:01:30.467133,70,,ETs,BorderlineSMOTE,QT,COMPLETE
250,0.7697351912336018,2025-03-18 12:29:38.223218,2025-03-18 12:30:20.595055,0 days 00:00:42.371837,30,,SGD,SVMSMOTE,QT,COMPLETE
251,0.7866012451966755,2025-03-18 12:29:40.272286,2025-03-18 12:30:50.405158,0 days 00:01:10.132872,30,,ETs,SVMSMOTE,MaxAbs,COMPLETE
252,0.7949832790351279,2025-03-18 12:29:40.916370,2025-03-18 12:30:43.378439,0 days 00:01:02.462069,30,,ETs,SVMSMOTE,QT,COMPLETE
253,0.8436146393696295,2025-03-18 12:29:41.429975,2025-03-18 12:30:35.838549,0 days 00:00:54.408574,50,,ETs,BorderlineSMOTE,QT,COMPLETE
254,0.8214405906403673,2025-03-18 12:29:43.174068,2025-03-18 12:30:25.575058,0 days 00:00:42.400990,30,Chi2,SGD,SVMSMOTE,QT,COMPLETE
255,0.0,2025-03-18 12:29:45.215150,2025-03-18 12:30:39.388385,0 days 00:00:54.173235,30,LDA,SGD,SVMSMOTE,QT,COMPLETE
256,0.8249109742346917,2025-03-18 12:29:46.799850,2025-03-18 12:30:51.175159,0 days 00:01:04.375309,50,,ETs,BorderlineSMOTE,QT,COMPLETE
257,0.8109660154065029,2025-03-18 12:29:49.380231,2025-03-18 12:30:46.566772,0 days 00:00:57.186541,30,RFE,ETs,BorderlineSMOTE,MaxAbs,COMPLETE
258,0.0,2025-03-18 12:30:01.985149,2025-03-18 12:30:32.177723,0 days 00:00:30.192574,50,LDA,ETs,BorderlineSMOTE,QT,COMPLETE
259,0.0,2025-03-18 12:30:03.327035,2025-03-18 12:30:41.666892,0 days 00:00:38.339857,50,LDA,ETs,BorderlineSMOTE,QT,COMPLETE
260,0.7895165504887284,2025-03-18 12:30:06.625521,2025-03-18 12:30:47.735349,0 days 00:00:41.109828,50,,ETs,SVMSMOTE,QT,COMPLETE
261,0.8005805227376424,2025-03-18 12:30:10.851074,2025-03-18 12:30:42.365498,0 days 00:00:31.514424,50,,ETs,SVMSMOTE,QT,COMPLETE
262,0.8080355911826121,2025-03-18 12:30:12.203548,2025-03-18 12:32:21.926322,0 days 00:02:09.722774,70,RFE,ETs,ADASYN,QT,COMPLETE
263,0.7848234393479918,2025-03-18 12:30:14.791931,2025-03-18 12:30:51.914122,0 days 00:00:37.122191,50,,ETs,BorderlineSMOTE,QT,COMPLETE
264,0.777277793991223,2025-03-18 12:30:15.671164,2025-03-18 12:31:00.024742,0 days 00:00:44.353578,70,,ETs,BorderlineSMOTE,QT,COMPLETE
265,0.0,2025-03-18 12:30:21.379931,2025-03-18 12:31:07.223335,0 days 00:00:45.843404,70,Chi2,RF,BorderlineSMOTE,Standard,COMPLETE
266,0.8006057183555868,2025-03-18 12:30:22.195813,2025-03-18 12:30:49.274786,0 days 00:00:27.078973,50,,ETs,SVMSMOTE,QT,COMPLETE
267,0.7614647654641833,2025-03-18 12:30:22.386966,2025-03-18 12:30:50.405158,0 days 00:00:28.018192,50,,ETs,BorderlineSMOTE,QT,COMPLETE
268,0.0,2025-03-18 12:30:23.599682,2025-03-18 12:31:22.291926,0 days 00:00:58.692244,70,Chi2,RF,BorderlineSMOTE,Standard,COMPLETE
269,0.8109660154065029,2025-03-18 12:30:23.769576,2025-03-18 12:30:51.395065,0 days 00:00:27.625489,50,,ETs,BorderlineSMOTE,QT,COMPLETE
270,0.0,2025-03-18 12:30:27.888121,2025-03-18 12:31:25.376979,0 days 00:00:57.488858,70,Chi2,ETs,BorderlineSMOTE,Normalizer,COMPLETE
271,0.791234515484405,2025-03-18 12:30:28.185448,2025-03-18 12:30:50.986573,0 days 00:00:22.801125,50,,ETs,BorderlineSMOTE,QT,COMPLETE
272,0.7674400996205619,2025-03-18 12:30:28.711274,2025-03-18 12:31:04.313634,0 days 00:00:35.602360,70,,ETs,BorderlineSMOTE,QT,COMPLETE
273,0.7651243898978457,2025-03-18 12:30:29.175720,2025-03-18 12:30:53.452949,0 days 00:00:24.277229,50,,ETs,BorderlineSMOTE,QT,COMPLETE
274,0.7996933621933444,2025-03-18 12:30:29.584247,2025-03-18 12:31:04.030742,0 days 00:00:34.446495,50,,ETs,BorderlineSMOTE,QT,COMPLETE
275,0.8070815295814274,2025-03-18 12:30:29.741543,2025-03-18 12:30:55.384404,0 days 00:00:25.642861,50,,ETs,BorderlineSMOTE,QT,COMPLETE
276,0.0,2025-03-18 12:30:30.527611,2025-03-18 12:31:18.750013,0 days 00:00:48.222402,90,Chi2,RF,BorderlineSMOTE,Standard,COMPLETE
277,0.7922942546583552,2025-03-18 12:30:30.826155,2025-03-18 12:31:01.045661,0 days 00:00:30.219506,70,,ETs,BorderlineSMOTE,QT,COMPLETE
278,0.7659632034631554,2025-03-18 12:30:31.360125,2025-03-18 12:31:21.286353,0 days 00:00:49.926228,70,,RF,BorderlineSMOTE,Normalizer,COMPLETE
279,0.0,2025-03-18 12:30:31.618881,2025-03-18 12:31:11.088149,0 days 00:00:39.469268,70,Chi2,RF,BorderlineSMOTE,Standard,COMPLETE
280,0.8080355911826121,2025-03-18 12:30:32.220537,2025-03-18 12:32:30.333890,0 days 00:01:58.113353,30,,ETs,ADASYN,QT,COMPLETE
281,0.0,2025-03-18 12:30:33.592222,2025-03-18 12:31:24.653991,0 days 00:00:51.061769,90,Chi2,RF,BorderlineSMOTE,Normalizer,COMPLETE
282,0.0,2025-03-18 12:30:34.377773,2025-03-18 12:31:05.523922,0 days 00:00:31.146149,90,Chi2,RF,BorderlineSMOTE,Normalizer,COMPLETE
283,0.7781518113973471,2025-03-18 12:30:34.613290,2025-03-18 12:31:39.219309,0 days 00:01:04.606019,70,,ETs,ADASYN,QT,COMPLETE
284,0.777277793991223,2025-03-18 12:30:34.786258,2025-03-18 12:32:04.377508,0 days 00:01:29.591250,70,RFE,ETs,ADASYN,QT,COMPLETE
285,0.8127705627704085,2025-03-18 12:30:34.989821,2025-03-18 12:31:31.850253,0 days 00:00:56.860432,70,,RF,BorderlineSMOTE,QT,COMPLETE
286,0.0,2025-03-18 12:30:35.508225,2025-03-18 12:31:08.354202,0 days 00:00:32.845977,70,Chi2,RF,BorderlineSMOTE,Normalizer,COMPLETE
287,0.0,2025-03-18 12:30:35.665612,2025-03-18 12:31:20.262964,0 days 00:00:44.597352,70,Chi2,RF,ADASYN,,COMPLETE
288,0.7800930957515549,2025-03-18 12:30:37.519394,2025-03-18 12:31:54.429959,0 days 00:01:16.910565,70,RFE,ETs,ADASYN,QT,COMPLETE
289,0.8276849967145271,2025-03-18 12:30:40.472398,2025-03-18 12:31:25.376979,0 days 00:00:44.904581,70,,ETs,BorderlineSMOTE,QT,COMPLETE
290,0.795924696402128,2025-03-18 12:30:41.304766,2025-03-18 12:32:35.050546,0 days 00:01:53.745780,70,RFE,ETs,ADASYN,QT,COMPLETE
291,0.0,2025-03-18 12:30:42.349055,2025-03-18 12:31:17.995591,0 days 00:00:35.646536,70,Chi2,RF,BorderlineSMOTE,Normalizer,COMPLETE
292,0.0,2025-03-18 12:30:42.821284,2025-03-18 12:31:16.508661,0 days 00:00:33.687377,70,Chi2,RF,BorderlineSMOTE,Normalizer,COMPLETE
293,0.7790350798625784,2025-03-18 12:30:43.236680,2025-03-18 12:33:06.718389,0 days 00:02:23.481709,70,RFE,ETs,ADASYN,QT,COMPLETE
294,0.7529467279371971,2025-03-18 12:30:44.116112,2025-03-18 12:31:56.959168,0 days 00:01:12.843056,70,,ETs,ADASYN,QT,COMPLETE
295,0.0,2025-03-18 12:30:46.283966,2025-03-18 12:31:07.977025,0 days 00:00:21.693059,70,Chi2,RF,BorderlineSMOTE,Normalizer,COMPLETE
296,0.7783568592726121,2025-03-18 12:30:48.300841,2025-03-18 12:32:55.195634,0 days 00:02:06.894793,70,RFE,ETs,ADASYN,QT,COMPLETE
297,0.7656704397905078,2025-03-18 12:30:49.023372,2025-03-18 12:33:05.418638,0 days 00:02:16.395266,30,RFE,ETs,ADASYN,QT,COMPLETE
298,0.0,2025-03-18 12:30:49.462361,2025-03-18 12:31:26.023919,0 days 00:00:36.561558,90,Chi2,RF,BorderlineSMOTE,Normalizer,COMPLETE
299,0.7582456382447279,2025-03-18 12:30:50.185429,2025-03-18 12:31:42.655945,0 days 00:00:52.470516,70,,ETs,ADASYN,QT,COMPLETE
300,0.7586382241709183,2025-03-18 12:30:54.254155,2025-03-18 12:32:53.001525,0 days 00:01:58.747370,30,,ETs,BorderlineSMOTE,QT,COMPLETE
301,0.7903158623258622,2025-03-18 12:30:54.819819,2025-03-18 12:32:41.743118,0 days 00:01:46.923299,70,RFE,ETs,ADASYN,QT,COMPLETE
302,0.8330110009565393,2025-03-18 12:30:55.024048,2025-03-18 12:33:30.308509,0 days 00:02:35.284461,30,,ETs,BorderlineSMOTE,,COMPLETE
303,0.7922081410209119,2025-03-18 12:30:56.719455,2025-03-18 12:31:47.273143,0 days 00:00:50.553688,70,,ETs,ADASYN,QT,COMPLETE
304,0.8098583816484443,2025-03-18 12:31:00.323012,2025-03-18 12:32:05.950245,0 days 00:01:05.627233,70,,ETs,ADASYN,QT,COMPLETE
305,0.8441537776551268,2025-03-18 12:31:01.186807,2025-03-18 12:32:35.019295,0 days 00:01:33.832488,30,,ETs,BorderlineSMOTE,QT,COMPLETE
306,0.7500963136949405,2025-03-18 12:31:01.344177,2025-03-18 12:33:42.250448,0 days 00:02:40.906271,30,,ETs,BorderlineSMOTE,,COMPLETE
307,0.787503643964816,2025-03-18 12:31:04.658967,2025-03-18 12:33:08.728809,0 days 00:02:04.069842,30,,ETs,BorderlineSMOTE,,COMPLETE
308,0.693985318290127,2025-03-18 12:31:05.777906,2025-03-18 12:33:08.917408,0 days 00:02:03.139502,30,RFE,ETs,BorderlineSMOTE,QT,COMPLETE
309,0.8080355911826121,2025-03-18 12:31:06.359326,2025-03-18 12:32:30.553597,0 days 00:01:24.194271,70,RFE,ETs,BorderlineSMOTE,QT,COMPLETE
310,0.8321873290680157,2025-03-18 12:31:06.704743,2025-03-18 12:33:54.780518,0 days 00:02:48.075775,30,,ETs,BorderlineSMOTE,QT,COMPLETE
311,0.773362173111487,2025-03-18 12:31:07.725816,2025-03-18 12:33:38.168380,0 days 00:02:30.442564,30,RFE,ETs,BorderlineSMOTE,QT,COMPLETE
312,0.7922081410209119,2025-03-18 12:31:08.606077,2025-03-18 12:32:46.415238,0 days 00:01:37.809161,30,,ETs,BorderlineSMOTE,MinMax,COMPLETE
313,0.8256551540245749,2025-03-18 12:31:08.747759,2025-03-18 12:32:55.352834,0 days 00:01:46.605075,30,RFE,ETs,BorderlineSMOTE,QT,COMPLETE
314,0.817572738008048,2025-03-18 12:31:10.742743,2025-03-18 12:32:58.613250,0 days 00:01:47.870507,30,RFE,ETs,BorderlineSMOTE,QT,COMPLETE
315,0.8024556842492773,2025-03-18 12:31:11.197994,2025-03-18 12:32:35.867386,0 days 00:01:24.669392,30,,ETs,BorderlineSMOTE,QT,COMPLETE
316,0.8119687405680518,2025-03-18 12:31:15.990256,2025-03-18 12:32:59.036567,0 days 00:01:43.046311,30,RFE,ETs,BorderlineSMOTE,QT,COMPLETE
317,0.7716312951315296,2025-03-18 12:31:17.121380,2025-03-18 12:33:14.330413,0 days 00:01:57.209033,30,,ETs,BorderlineSMOTE,,COMPLETE
318,0.821121331424993,2025-03-18 12:31:19.996373,2025-03-18 12:32:54.567369,0 days 00:01:34.570996,30,,ETs,BorderlineSMOTE,MinMax,COMPLETE
319,0.7987214260389264,2025-03-18 12:31:22.906990,2025-03-18 12:32:49.529515,0 days 00:01:26.622525,30,,ETs,BorderlineSMOTE,MinMax,COMPLETE
320,0.7719027426474205,2025-03-18 12:31:24.465957,2025-03-18 12:32:54.567369,0 days 00:01:30.101412,30,,ETs,BorderlineSMOTE,MinMax,COMPLETE
321,0.8259402149572624,2025-03-18 12:31:26.546242,2025-03-18 12:33:33.375298,0 days 00:02:06.829056,30,,ETs,BorderlineSMOTE,MinMax,COMPLETE
322,0.8033614109112289,2025-03-18 12:31:29.104105,2025-03-18 12:34:51.371506,0 days 00:03:22.267401,30,RFE,ETs,BorderlineSMOTE,QT,COMPLETE
323,0.779221092916706,2025-03-18 12:31:34.142240,2025-03-18 12:33:28.706571,0 days 00:01:54.564331,30,,ETs,BorderlineSMOTE,,COMPLETE
324,0.779221092916706,2025-03-18 12:31:38.615924,2025-03-18 12:32:49.137159,0 days 00:01:10.521235,30,,ETs,BorderlineSMOTE,MinMax,COMPLETE
325,0.7809735787286958,2025-03-18 12:31:42.243652,2025-03-18 12:33:06.843947,0 days 00:01:24.600295,30,,ETs,BorderlineSMOTE,MinMax,COMPLETE
326,0.7753246753246058,2025-03-18 12:31:43.406298,2025-03-18 12:34:21.750219,0 days 00:02:38.343921,30,RFE,ETs,BorderlineSMOTE,MinMax,COMPLETE
327,0.7903158623258622,2025-03-18 12:31:45.875494,2025-03-18 12:33:49.657680,0 days 00:02:03.782186,30,,ETs,BorderlineSMOTE,MinMax,COMPLETE
328,0.7857096208386711,2025-03-18 12:31:48.933306,2025-03-18 12:34:43.575799,0 days 00:02:54.642493,30,RFE,KNN,BorderlineSMOTE,QT,COMPLETE
329,0.791234515484405,2025-03-18 12:31:50.267926,2025-03-18 12:32:55.761380,0 days 00:01:05.493454,30,,ETs,BorderlineSMOTE,,COMPLETE
330,0.7718399840672219,2025-03-18 12:31:53.691696,2025-03-18 12:34:07.551634,0 days 00:02:13.859938,30,MI,SGD,BorderlineSMOTE,QT,COMPLETE
331,0.7705173730872505,2025-03-18 12:31:55.341129,2025-03-18 12:32:59.995072,0 days 00:01:04.653943,30,,ETs,BorderlineSMOTE,,COMPLETE
332,0.7790350798625784,2025-03-18 12:31:59.001123,2025-03-18 12:33:04.350348,0 days 00:01:05.349225,30,,ETs,BorderlineSMOTE,MinMax,COMPLETE
333,0.8025371437368107,2025-03-18 12:32:03.104743,2025-03-18 12:34:39.617647,0 days 00:02:36.512904,30,RFE,ETs,BorderlineSMOTE,MinMax,COMPLETE
334,0.7811542181222793,2025-03-18 12:32:04.990176,2025-03-18 12:33:42.234820,0 days 00:01:37.244644,30,,ETs,BorderlineSMOTE,MinMax,COMPLETE
335,0.7903158623258622,2025-03-18 12:32:06.829643,2025-03-18 12:34:04.051403,0 days 00:01:57.221760,30,,ETs,BorderlineSMOTE,,COMPLETE
336,0.8081616650238883,2025-03-18 12:32:08.604914,2025-03-18 12:34:26.416560,0 days 00:02:17.811646,30,RFE,ETs,BorderlineSMOTE,MinMax,COMPLETE
337,0.7764122477176922,2025-03-18 12:32:10.285940,2025-03-18 12:33:28.488246,0 days 00:01:18.202306,30,,ETs,BorderlineSMOTE,,COMPLETE
338,0.0,2025-03-18 12:32:13.137919,2025-03-18 12:33:12.783398,0 days 00:00:59.645479,30,RF,ETs,BorderlineSMOTE,QT,COMPLETE
339,0.0,2025-03-18 12:32:14.225256,2025-03-18 12:33:48.715032,0 days 00:01:34.489776,30,RF,ETs,BorderlineSMOTE,MinMax,COMPLETE
340,0.7705173730872505,2025-03-18 12:32:15.261473,2025-03-18 12:34:35.485997,0 days 00:02:20.224524,30,RFE,ETs,BorderlineSMOTE,QT,COMPLETE
341,0.7940476190475072,2025-03-18 12:32:22.915341,2025-03-18 12:34:58.787848,0 days 00:02:35.872507,30,,ETs,BorderlineSMOTE,QT,COMPLETE
342,0.0,2025-03-18 12:32:27.361733,2025-03-18 12:33:42.234820,0 days 00:01:14.873087,30,RF,KNN,BorderlineSMOTE,QT,COMPLETE
343,0.0,2025-03-18 12:32:29.548281,2025-03-18 12:33:27.109658,0 days 00:00:57.561377,30,RF,ETs,BorderlineSMOTE,MinMax,COMPLETE
344,0.8054230813332804,2025-03-18 12:32:31.652878,2025-03-18 12:34:58.787848,0 days 00:02:27.134970,30,RFE,SGD,BorderlineSMOTE,QT,COMPLETE
345,0.7047751709003623,2025-03-18 12:32:38.007731,2025-03-18 12:34:38.958049,0 days 00:02:00.950318,30,,KNN,BorderlineSMOTE,QT,COMPLETE
346,0.7718399840672219,2025-03-18 12:32:46.163711,2025-03-18 12:34:30.278862,0 days 00:01:44.115151,30,,KNN,BorderlineSMOTE,QT,COMPLETE
347,0.8117885078371352,2025-03-18 12:32:49.938406,2025-03-18 12:34:30.577349,0 days 00:01:40.638943,30,RFE,ETs,BorderlineSMOTE,QT,COMPLETE
348,0.7998608282364567,2025-03-18 12:32:50.487991,2025-03-18 12:34:43.718718,0 days 00:01:53.230727,30,,SGD,BorderlineSMOTE,QT,COMPLETE
349,0.7017120970641214,2025-03-18 12:32:51.100731,2025-03-18 12:34:21.514688,0 days 00:01:30.413957,30,,SGD,BorderlineSMOTE,QT,COMPLETE
350,0.757416159789366,2025-03-18 12:32:54.834105,2025-03-18 12:34:40.060343,0 days 00:01:45.226238,30,,SGD,BorderlineSMOTE,QT,COMPLETE
351,0.6936106456262824,2025-03-18 12:32:57.818642,2025-03-18 12:34:41.330752,0 days 00:01:43.512110,30,,SGD,BorderlineSMOTE,QT,COMPLETE
352,0.7175664540134099,2025-03-18 12:33:00.293572,2025-03-18 12:34:40.891141,0 days 00:01:40.597569,30,,SGD,BorderlineSMOTE,QT,COMPLETE
353,0.770129058386844,2025-03-18 12:33:00.654294,2025-03-18 12:34:55.253005,0 days 00:01:54.598711,30,RFE,KNN,BorderlineSMOTE,QT,COMPLETE
354,0.7921640942589949,2025-03-18 12:33:00.905825,2025-03-18 12:34:24.955587,0 days 00:01:24.049762,30,,SGD,BorderlineSMOTE,QT,COMPLETE
355,0.7978353591239861,2025-03-18 12:33:03.046254,2025-03-18 12:35:08.123927,0 days 00:02:05.077673,30,,ETs,BorderlineSMOTE,QT,COMPLETE
356,0.8065759266791945,2025-03-18 12:33:04.994765,2025-03-18 12:34:45.515334,0 days 00:01:40.520569,30,,SGD,BorderlineSMOTE,QT,COMPLETE
357,0.7181212902214383,2025-03-18 12:33:08.477196,2025-03-18 12:34:39.129330,0 days 00:01:30.652134,30,,SGD,BorderlineSMOTE,QT,COMPLETE
358,0.7894072608952406,2025-03-18 12:33:10.490065,2025-03-18 12:34:54.467474,0 days 00:01:43.977409,30,,ETs,BorderlineSMOTE,QT,COMPLETE
359,0.8091588643912369,2025-03-18 12:33:12.060926,2025-03-18 12:34:39.129330,0 days 00:01:27.068404,30,,SGD,BorderlineSMOTE,QT,COMPLETE
360,0.6808173278157185,2025-03-18 12:33:18.511683,2025-03-18 12:34:46.779012,0 days 00:01:28.267329,30,,SGD,BorderlineSMOTE,QT,COMPLETE
361,0.817349756326298,2025-03-18 12:33:19.931336,2025-03-18 12:34:58.521291,0 days 00:01:38.589955,30,,ETs,BorderlineSMOTE,QT,COMPLETE
362,0.762876015549903,2025-03-18 12:33:21.140250,2025-03-18 12:34:39.931699,0 days 00:01:18.791449,30,,SGD,BorderlineSMOTE,QT,COMPLETE
363,0.7800930957515549,2025-03-18 12:33:22.711325,2025-03-18 12:35:02.338152,0 days 00:01:39.626827,30,,ETs,BorderlineSMOTE,QT,COMPLETE
364,0.8349419662461486,2025-03-18 12:33:24.329974,2025-03-18 12:35:01.426782,0 days 00:01:37.096808,30,,SGD,BorderlineSMOTE,QT,COMPLETE
365,0.7748129043601453,2025-03-18 12:33:28.519496,2025-03-18 12:35:11.013723,0 days 00:01:42.494227,30,,SGD,BorderlineSMOTE,QT,COMPLETE
366,0.7126932296787298,2025-03-18 12:33:30.983496,2025-03-18 12:34:41.629349,0 days 00:01:10.645853,30,,SGD,BorderlineSMOTE,QT,COMPLETE
367,0.787503643964816,2025-03-18 12:33:37.806776,2025-03-18 12:35:00.970956,0 days 00:01:23.164180,30,,ETs,BorderlineSMOTE,QT,COMPLETE
368,0.7903158623258622,2025-03-18 12:33:43.954803,2025-03-18 12:35:23.481357,0 days 00:01:39.526554,60,,ETs,SMOTE,MinMax,COMPLETE
369,0.8474617327114947,2025-03-18 12:33:49.642065,2025-03-18 12:35:06.944939,0 days 00:01:17.302874,30,,ETs,BorderlineSMOTE,QT,COMPLETE
370,0.7676669227858481,2025-03-18 12:33:52.440383,2025-03-18 12:34:55.833819,0 days 00:01:03.393436,30,,ETs,BorderlineSMOTE,QT,COMPLETE
371,0.7570164820031364,2025-03-18 12:34:00.193649,2025-03-18 12:35:23.173384,0 days 00:01:22.979735,60,,ETs,SMOTE,QT,COMPLETE
372,0.7505762842327419,2025-03-18 12:34:13.579293,2025-03-18 12:34:58.787848,0 days 00:00:45.208555,30,,ETs,BorderlineSMOTE,QT,COMPLETE
373,0.7893395190555694,2025-03-18 12:34:16.836822,2025-03-18 12:35:10.841214,0 days 00:00:54.004392,30,,ETs,SMOTE,QT,COMPLETE
374,0.7949832790351279,2025-03-18 12:34:19.459805,2025-03-18 12:35:11.013723,0 days 00:00:51.553918,50,,ETs,SMOTE,QT,COMPLETE
375,0.8135956352845746,2025-03-18 12:34:20.273189,2025-03-18 12:35:20.480812,0 days 00:01:00.207623,60,,ETs,SMOTE,QT,COMPLETE
376,0.8090004295201945,2025-03-18 12:34:21.153069,2025-03-18 12:35:09.709936,0 days 00:00:48.556867,50,,ETs,SMOTE,QT,COMPLETE
377,0.7884161068815152,2025-03-18 12:34:22.567007,2025-03-18 12:35:04.178058,0 days 00:00:41.611051,30,,ETs,BorderlineSMOTE,QT,COMPLETE
378,0.7968772426325257,2025-03-18 12:34:25.662298,2025-03-18 12:35:27.297729,0 days 00:01:01.635431,60,,ETs,SMOTE,QT,COMPLETE
379,0.7996581459230283,2025-03-18 12:34:26.070779,2025-03-18 12:35:10.558369,0 days 00:00:44.487590,60,,ETs,SMOTE,QT,COMPLETE
380,0.7646421513269669,2025-03-18 12:34:27.327172,2025-03-18 12:35:07.339086,0 days 00:00:40.011914,60,,ETs,SMOTE,QT,COMPLETE
381,0.7800930957515549,2025-03-18 12:34:28.145080,2025-03-18 12:35:26.763227,0 days 00:00:58.618147,60,,ETs,SMOTE,MinMax,COMPLETE
382,0.8119687405680518,2025-03-18 12:34:29.320338,2025-03-18 12:35:22.349970,0 days 00:00:53.029632,50,,ETs,SMOTE,QT,COMPLETE
383,0.7809735787286958,2025-03-18 12:34:29.949132,2025-03-18 12:35:23.481357,0 days 00:00:53.532225,60,,ETs,SMOTE,QT,COMPLETE
384,0.7000714885626894,2025-03-18 12:34:31.566750,2025-03-18 12:35:47.081332,0 days 00:01:15.514582,50,MI,DT,SVMSMOTE,MinMax,COMPLETE
385,0.7996581459230283,2025-03-18 12:34:31.938791,2025-03-18 12:35:34.483166,0 days 00:01:02.544375,60,MI,ETs,SMOTE,MinMax,COMPLETE
386,0.7464587427221299,2025-03-18 12:34:32.540259,2025-03-18 12:35:24.486659,0 days 00:00:51.946400,60,MI,ETs,SVMSMOTE,MinMax,COMPLETE
387,0.7755544535663734,2025-03-18 12:34:32.791437,2025-03-18 12:35:20.496456,0 days 00:00:47.705019,60,,ETs,SMOTE,QT,COMPLETE
388,0.7829031768975333,2025-03-18 12:34:34.009183,2025-03-18 12:35:11.453347,0 days 00:00:37.444164,60,,ETs,SMOTE,QT,COMPLETE
389,0.7764122477176922,2025-03-18 12:34:36.287062,2025-03-18 12:35:20.685090,0 days 00:00:44.398028,60,,ETs,SVMSMOTE,QT,COMPLETE
390,0.8052481476075807,2025-03-18 12:34:36.993370,2025-03-18 12:35:23.779812,0 days 00:00:46.786442,50,,ETs,SMOTE,MinMax,COMPLETE
391,0.8052481476075807,2025-03-18 12:34:37.810269,2025-03-18 12:35:35.911906,0 days 00:00:58.101637,60,,ETs,SVMSMOTE,MinMax,COMPLETE
392,0.7485247070425304,2025-03-18 12:34:38.375698,2025-03-18 12:35:22.349970,0 days 00:00:43.974272,50,,ETs,SVMSMOTE,QT,COMPLETE
393,0.8025371437368107,2025-03-18 12:34:38.768485,2025-03-18 12:35:22.114468,0 days 00:00:43.345983,60,,ETs,SVMSMOTE,QT,COMPLETE
394,0.7504417975615242,2025-03-18 12:34:42.540397,2025-03-18 12:35:27.566205,0 days 00:00:45.025808,60,,DT,SMOTE,MinMax,COMPLETE
395,0.7628014592932992,2025-03-18 12:34:43.253102,2025-03-18 12:35:54.629268,0 days 00:01:11.376166,90,MI,DT,SVMSMOTE,MaxAbs,COMPLETE
396,0.817349756326298,2025-03-18 12:34:45.091483,2025-03-18 12:35:37.562847,0 days 00:00:52.471364,60,MI,ETs,SMOTE,MinMax,COMPLETE
397,0.8109660154065029,2025-03-18 12:34:48.355935,2025-03-18 12:35:30.628392,0 days 00:00:42.272457,60,MI,ETs,SMOTE,MinMax,COMPLETE
398,0.7987214260389264,2025-03-18 12:34:48.686177,2025-03-18 12:35:35.614369,0 days 00:00:46.928192,60,MI,ETs,SMOTE,MinMax,COMPLETE
399,0.787503643964816,2025-03-18 12:34:54.153394,2025-03-18 12:35:42.542648,0 days 00:00:48.389254,50,MI,ETs,SVMSMOTE,MinMax,COMPLETE
400,0.7446517632414374,2025-03-18 12:34:54.341962,2025-03-18 12:36:02.847257,0 days 00:01:08.505295,90,MI,DT,SVMSMOTE,Robust,COMPLETE
401,0.782763133685241,2025-03-18 12:34:55.080142,2025-03-18 12:35:42.509837,0 days 00:00:47.429695,50,MI,ETs,SVMSMOTE,MinMax,COMPLETE
402,0.7687999788298783,2025-03-18 12:34:57.686748,2025-03-18 12:35:48.343498,0 days 00:00:50.656750,50,MI,ETs,SVMSMOTE,Robust,COMPLETE
403,0.7990681077785187,2025-03-18 12:34:57.985286,2025-03-18 12:36:01.873571,0 days 00:01:03.888285,90,MI,SGD,SVMSMOTE,MinMax,COMPLETE
404,0.7292466587288288,2025-03-18 12:34:58.174560,2025-03-18 12:35:34.498790,0 days 00:00:36.324230,60,,DT,SMOTE,MinMax,COMPLETE
405,0.7735982127741543,2025-03-18 12:34:58.374046,2025-03-18 12:35:58.794812,0 days 00:01:00.420766,50,MI,ETs,SVMSMOTE,Robust,COMPLETE
406,0.7351450187988171,2025-03-18 12:34:59.492844,2025-03-18 12:36:03.523651,0 days 00:01:04.030807,50,MI,DT,SVMSMOTE,MinMax,COMPLETE
407,0.8053520609503299,2025-03-18 12:35:00.672535,2025-03-18 12:36:06.003536,0 days 00:01:05.331001,90,MI,DT,SVMSMOTE,MinMax,COMPLETE
408,0.7562072852814012,2025-03-18 12:35:02.793419,2025-03-18 12:35:49.365078,0 days 00:00:46.571659,50,MI,DT,SVMSMOTE,MinMax,COMPLETE
409,0.8256551540245749,2025-03-18 12:35:03.330078,2025-03-18 12:35:43.201263,0 days 00:00:39.871185,50,MI,ETs,SVMSMOTE,MinMax,COMPLETE
410,0.8165591879383255,2025-03-18 12:35:05.167622,2025-03-18 12:36:07.278402,0 days 00:01:02.110780,70,ANOVA,ETs,BorderlineSMOTE,QT,COMPLETE
411,0.7459475627493648,2025-03-18 12:35:05.654571,2025-03-18 12:35:47.238109,0 days 00:00:41.583538,50,Chi2,DT,SVMSMOTE,MinMax,COMPLETE
412,0.791495423015866,2025-03-18 12:35:05.825785,2025-03-18 12:36:03.554900,0 days 00:00:57.729115,90,MI,SGD,SVMSMOTE,MaxAbs,COMPLETE
413,0.7949832790351279,2025-03-18 12:35:06.196945,2025-03-18 12:35:47.473991,0 days 00:00:41.277046,50,MI,ETs,SVMSMOTE,MinMax,COMPLETE
414,0.0,2025-03-18 12:35:08.234360,2025-03-18 12:35:48.327872,0 days 00:00:40.093512,30,Chi2,SGD,SVMSMOTE,MaxAbs,COMPLETE
415,0.0,2025-03-18 12:35:09.553194,2025-03-18 12:35:59.006924,0 days 00:00:49.453730,90,Chi2,SGD,SVMSMOTE,Robust,COMPLETE
416,0.775133594299614,2025-03-18 12:35:09.851665,2025-03-18 12:36:03.366278,0 days 00:00:53.514613,30,Chi2,DT,SVMSMOTE,QT,COMPLETE
417,0.0,2025-03-18 12:35:10.338560,2025-03-18 12:36:23.758809,0 days 00:01:13.420249,10,LDA,ETs,BorderlineSMOTE,QT,COMPLETE
418,0.0,2025-03-18 12:35:11.814491,2025-03-18 12:35:47.065643,0 days 00:00:35.251152,30,Chi2,SGD,SVMSMOTE,Robust,COMPLETE
419,0.7865094918680888,2025-03-18 12:35:16.476847,2025-03-18 12:35:53.671241,0 days 00:00:37.194394,30,MI,DT,SVMSMOTE,Robust,COMPLETE
420,0.0,2025-03-18 12:35:18.626942,2025-03-18 12:36:03.020272,0 days 00:00:44.393330,70,LDA,ETs,BorderlineSMOTE,QT,COMPLETE
421,0.0,2025-03-18 12:35:19.742186,2025-03-18 12:35:47.913198,0 days 00:00:28.171012,30,Chi2,SGD,SVMSMOTE,Robust,COMPLETE
422,0.0,2025-03-18 12:35:20.826274,2025-03-18 12:36:09.479432,0 days 00:00:48.653158,90,Chi2,SGD,BorderlineSMOTE,Robust,COMPLETE
423,0.0,2025-03-18 12:35:21.470535,2025-03-18 12:36:00.459850,0 days 00:00:38.989315,50,Chi2,SGD,SVMSMOTE,MaxAbs,COMPLETE
424,0.0,2025-03-18 12:35:21.925848,2025-03-18 12:35:49.820540,0 days 00:00:27.894692,30,Chi2,SGD,SVMSMOTE,MaxAbs,COMPLETE
425,0.0,2025-03-18 12:35:22.585968,2025-03-18 12:35:53.779136,0 days 00:00:31.193168,30,Chi2,SGD,SVMSMOTE,Robust,COMPLETE
426,0.0,2025-03-18 12:35:24.925477,2025-03-18 12:35:48.956060,0 days 00:00:24.030583,30,Chi2,SGD,SVMSMOTE,Robust,COMPLETE
427,0.0,2025-03-18 12:35:25.993823,2025-03-18 12:36:08.928279,0 days 00:00:42.934456,70,LDA,ETs,,QT,COMPLETE
428,0.7922942546583552,2025-03-18 12:35:26.496435,2025-03-18 12:36:06.320175,0 days 00:00:39.823740,10,ANOVA,ETs,,QT,COMPLETE
429,0.0,2025-03-18 12:35:27.061702,2025-03-18 12:35:49.585028,0 days 00:00:22.523326,90,Chi2,SGD,SVMSMOTE,Robust,COMPLETE
430,0.0,2025-03-18 12:35:30.377309,2025-03-18 12:36:02.015267,0 days 00:00:31.637958,10,LDA,ETs,BorderlineSMOTE,QT,COMPLETE
431,0.0,2025-03-18 12:35:30.895644,2025-03-18 12:35:55.005850,0 days 00:00:24.110206,90,Chi2,SGD,SVMSMOTE,MaxAbs,COMPLETE
432,0.7813566335625398,2025-03-18 12:35:31.649331,2025-03-18 12:36:10.343450,0 days 00:00:38.694119,70,ANOVA,ETs,,QT,COMPLETE
433,0.8061374343124825,2025-03-18 12:35:33.000892,2025-03-18 12:37:02.728295,0 days 00:01:29.727403,30,,ETs,BorderlineSMOTE,Standard,COMPLETE
434,0.0,2025-03-18 12:35:34.153334,2025-03-18 12:36:15.568606,0 days 00:00:41.415272,100,ANOVA,ETs,,QT,COMPLETE
435,0.7832679696541469,2025-03-18 12:35:34.923316,2025-03-18 12:36:09.038211,0 days 00:00:34.114895,70,ANOVA,ETs,,QT,COMPLETE
436,0.7922081410209119,2025-03-18 12:35:35.614369,2025-03-18 12:36:18.950516,0 days 00:00:43.336147,70,,ETs,BorderlineSMOTE,QT,COMPLETE
437,0.7855326036730215,2025-03-18 12:35:37.782632,2025-03-18 12:36:55.975790,0 days 00:01:18.193158,30,ANOVA,ETs,BorderlineSMOTE,QT,COMPLETE
438,0.8183427131173607,2025-03-18 12:35:39.792630,2025-03-18 12:36:38.408144,0 days 00:00:58.615514,30,,ETs,BorderlineSMOTE,Standard,COMPLETE
439,0.0,2025-03-18 12:35:40.971010,2025-03-18 12:36:06.995443,0 days 00:00:26.024433,10,LDA,ETs,BorderlineSMOTE,QT,COMPLETE
440,0.0,2025-03-18 12:35:41.662181,2025-03-18 12:36:08.676694,0 days 00:00:27.014513,70,LDA,ETs,,QT,COMPLETE
441,0.7355148119855281,2025-03-18 12:35:42.542648,2025-03-18 12:37:01.006251,0 days 00:01:18.463603,30,,MLP,BorderlineSMOTE,,COMPLETE
442,0.7858581493383296,2025-03-18 12:35:46.704144,2025-03-18 12:36:23.524783,0 days 00:00:36.820639,70,ANOVA,ETs,,QT,COMPLETE
443,0.7404329004328002,2025-03-18 12:35:49.097807,2025-03-18 12:36:52.395745,0 days 00:01:03.297938,30,,MLP,BorderlineSMOTE,Standard,COMPLETE
444,0.8127705627704085,2025-03-18 12:35:54.817768,2025-03-18 12:36:21.572537,0 days 00:00:26.754769,70,,ETs,BorderlineSMOTE,QT,COMPLETE
445,0.7676669227858481,2025-03-18 12:35:54.990222,2025-03-18 12:36:53.219789,0 days 00:00:58.229567,80,,ETs,BorderlineSMOTE,Standard,COMPLETE
446,0.7940924251296104,2025-03-18 12:35:55.304427,2025-03-18 12:36:34.790078,0 days 00:00:39.485651,80,,ETs,BorderlineSMOTE,Standard,COMPLETE
447,0.8052481476075807,2025-03-18 12:35:57.283888,2025-03-18 12:36:47.337530,0 days 00:00:50.053642,80,,ETs,BorderlineSMOTE,Standard,COMPLETE
448,0.8183427131173607,2025-03-18 12:35:58.257186,2025-03-18 12:36:32.239941,0 days 00:00:33.982755,100,,ETs,BorderlineSMOTE,Standard,COMPLETE
449,0.7857080946094128,2025-03-18 12:35:58.591161,2025-03-18 12:36:33.476055,0 days 00:00:34.884894,30,,ETs,BorderlineSMOTE,Standard,COMPLETE
450,0.7555754945866349,2025-03-18 12:35:58.785251,2025-03-18 12:36:45.672515,0 days 00:00:46.887264,80,,MLP,BorderlineSMOTE,Standard,COMPLETE
451,0.8181601200217143,2025-03-18 12:36:00.240059,2025-03-18 12:36:33.474055,0 days 00:00:33.233996,80,,ETs,BorderlineSMOTE,Standard,COMPLETE
452,0.8062073090997538,2025-03-18 12:36:01.166754,2025-03-18 12:37:13.033517,0 days 00:01:11.866763,30,,ETs,BorderlineSMOTE,QT,COMPLETE
453,0.7759465859198041,2025-03-18 12:36:01.592204,2025-03-18 12:36:55.131798,0 days 00:00:53.539594,80,,MLP,BorderlineSMOTE,Standard,COMPLETE
454,0.8006057183555868,2025-03-18 12:36:03.177096,2025-03-18 12:37:07.678639,0 days 00:01:04.501543,30,,ETs,BorderlineSMOTE,,COMPLETE
455,0.7614647654641833,2025-03-18 12:36:04.936969,2025-03-18 12:37:00.138254,0 days 00:00:55.201285,30,,ETs,BorderlineSMOTE,Standard,COMPLETE
456,0.7459452948359264,2025-03-18 12:36:05.627823,2025-03-18 12:37:15.605594,0 days 00:01:09.977771,50,PCA,SGD,BorderlineSMOTE,QT,COMPLETE
457,0.7848234393479918,2025-03-18 12:36:05.817977,2025-03-18 12:37:00.318250,0 days 00:00:54.500273,30,,ETs,BorderlineSMOTE,QT,COMPLETE
458,0.8015650548327489,2025-03-18 12:36:06.807317,2025-03-18 12:36:52.215789,0 days 00:00:45.408472,30,,ETs,BorderlineSMOTE,,COMPLETE
459,0.7546833317687439,2025-03-18 12:36:07.011562,2025-03-18 12:37:08.586992,0 days 00:01:01.575430,30,,MLP,BorderlineSMOTE,Standard,COMPLETE
460,0.7922081410209119,2025-03-18 12:36:08.174051,2025-03-18 12:37:02.920326,0 days 00:00:54.746275,30,,ETs,BorderlineSMOTE,QT,COMPLETE
461,0.7866012451966755,2025-03-18 12:36:08.488185,2025-03-18 12:37:02.908328,0 days 00:00:54.420143,30,,ETs,BorderlineSMOTE,,COMPLETE
462,0.8071781609193887,2025-03-18 12:36:09.667844,2025-03-18 12:37:08.436889,0 days 00:00:58.769045,30,,ETs,BorderlineSMOTE,,COMPLETE
463,0.8071781609193887,2025-03-18 12:36:10.892541,2025-03-18 12:36:48.702388,0 days 00:00:37.809847,30,,ETs,BorderlineSMOTE,Standard,COMPLETE
464,0.7931055469055698,2025-03-18 12:36:12.572613,2025-03-18 12:37:20.726449,0 days 00:01:08.153836,50,,SGD,BorderlineSMOTE,QT,COMPLETE
465,0.7702667728597591,2025-03-18 12:36:14.124505,2025-03-18 12:37:22.240178,0 days 00:01:08.115673,50,PCA,SGD,BorderlineSMOTE,QT,COMPLETE
466,0.5387629870126832,2025-03-18 12:36:14.935841,2025-03-18 12:37:04.167928,0 days 00:00:49.232087,30,,MLP,BorderlineSMOTE,,COMPLETE
467,0.7837900370735615,2025-03-18 12:36:16.530388,2025-03-18 12:36:55.307753,0 days 00:00:38.777365,30,,ETs,BorderlineSMOTE,,COMPLETE
468,0.0,2025-03-18 12:36:16.982363,2025-03-18 12:37:05.684150,0 days 00:00:48.701787,50,RF,ETs,BorderlineSMOTE,QT,COMPLETE
469,0.0,2025-03-18 12:36:17.217836,2025-03-18 12:37:12.548504,0 days 00:00:55.330668,50,RF,KNN,BorderlineSMOTE,QT,COMPLETE
470,0.8117885078371352,2025-03-18 12:36:18.207687,2025-03-18 12:37:08.436889,0 days 00:00:50.229202,50,,ETs,BorderlineSMOTE,QT,COMPLETE
471,0.8124168003098042,2025-03-18 12:36:23.356782,2025-03-18 12:37:10.772123,0 days 00:00:47.415341,50,PCA,SGD,BorderlineSMOTE,QT,COMPLETE
472,0.7305931978914991,2025-03-18 12:36:26.372089,2025-03-18 12:37:12.733518,0 days 00:00:46.361429,50,PCA,SGD,BorderlineSMOTE,QT,COMPLETE
473,0.0,2025-03-18 12:36:27.299078,2025-03-18 12:37:13.559205,0 days 00:00:46.260127,50,RF,KNN,BorderlineSMOTE,QT,COMPLETE
474,0.8090004295201945,2025-03-18 12:36:27.809030,2025-03-18 12:37:09.502110,0 days 00:00:41.693080,50,PCA,ETs,BorderlineSMOTE,QT,COMPLETE
475,0.7713481146043859,2025-03-18 12:36:28.290465,2025-03-18 12:37:15.957899,0 days 00:00:47.667434,50,,KNN,BorderlineSMOTE,QT,COMPLETE
476,0.797797133900452,2025-03-18 12:36:28.900477,2025-03-18 12:37:09.672126,0 days 00:00:40.771649,50,,ETs,BorderlineSMOTE,QT,COMPLETE
477,0.763961212537733,2025-03-18 12:36:30.317942,2025-03-18 12:37:34.215457,0 days 00:01:03.897515,40,,RF,BorderlineSMOTE,QT,COMPLETE
478,0.6589894735273878,2025-03-18 12:36:30.821929,2025-03-18 12:37:28.957920,0 days 00:00:58.135991,40,,SGD,BorderlineSMOTE,QT,COMPLETE
479,0.0,2025-03-18 12:36:33.015924,2025-03-18 12:37:10.122123,0 days 00:00:37.106199,50,RF,ETs,BorderlineSMOTE,QT,COMPLETE
480,0.7828071056410217,2025-03-18 12:36:35.086054,2025-03-18 12:37:38.347158,0 days 00:01:03.261104,40,,SGD,BorderlineSMOTE,QT,COMPLETE
481,0.7504299853756291,2025-03-18 12:36:40.103118,2025-03-18 12:37:30.599939,0 days 00:00:50.496821,70,,SGD,BorderlineSMOTE,QT,COMPLETE
482,0.0,2025-03-18 12:36:40.403153,2025-03-18 12:37:31.089894,0 days 00:00:50.686741,20,RF,KNN,BorderlineSMOTE,QT,COMPLETE
483,0.7790350798625784,2025-03-18 12:36:41.318137,2025-03-18 12:37:42.096227,0 days 00:01:00.778090,70,,RF,BorderlineSMOTE,QT,COMPLETE
484,0.8325470620672988,2025-03-18 12:36:42.893137,2025-03-18 12:37:35.847117,0 days 00:00:52.953980,40,,RF,BorderlineSMOTE,QT,COMPLETE
485,0.8137651705512134,2025-03-18 12:36:44.925492,2025-03-18 12:37:40.168580,0 days 00:00:55.243088,40,,RF,BorderlineSMOTE,QT,COMPLETE
486,0.7275745496331765,2025-03-18 12:36:45.465534,2025-03-18 12:37:28.190688,0 days 00:00:42.725154,40,,KNN,BorderlineSMOTE,QT,COMPLETE
487,0.8529664719370986,2025-03-18 12:36:46.995520,2025-03-18 12:37:36.987169,0 days 00:00:49.991649,40,,RF,BorderlineSMOTE,QT,COMPLETE
488,0.7949832790351279,2025-03-18 12:36:47.166531,2025-03-18 12:37:36.207139,0 days 00:00:49.040608,40,,RF,BorderlineSMOTE,QT,COMPLETE
489,0.7988315127334378,2025-03-18 12:36:51.539787,2025-03-18 12:37:31.089894,0 days 00:00:39.550107,40,,SGD,BorderlineSMOTE,QT,COMPLETE
490,0.7941575492778192,2025-03-18 12:36:51.911788,2025-03-18 12:37:39.648549,0 days 00:00:47.736761,40,,AB,BorderlineSMOTE,QT,COMPLETE
491,0.8474617327114947,2025-03-18 12:36:57.119794,2025-03-18 12:37:37.417156,0 days 00:00:40.297362,40,,RF,BorderlineSMOTE,QT,COMPLETE
492,0.791234515484405,2025-03-18 12:36:57.571746,2025-03-18 12:37:39.663581,0 days 00:00:42.091835,20,,ETs,BorderlineSMOTE,QT,COMPLETE
493,0.8042997883928539,2025-03-18 12:36:58.083778,2025-03-18 12:37:37.737157,0 days 00:00:39.653379,40,,RF,BorderlineSMOTE,QT,COMPLETE
494,0.7826798148362194,2025-03-18 12:36:59.998250,2025-03-18 12:37:43.861150,0 days 00:00:43.862900,70,,AB,BorderlineSMOTE,MaxAbs,COMPLETE
495,0.7106605681419766,2025-03-18 12:37:00.782260,2025-03-18 12:37:30.429932,0 days 00:00:29.647672,40,,SGD,BorderlineSMOTE,QT,COMPLETE
496,0.7902748414374892,2025-03-18 12:37:01.675830,2025-03-18 12:37:35.702113,0 days 00:00:34.026283,40,,RF,BorderlineSMOTE,QT,COMPLETE
497,0.817572738008048,2025-03-18 12:37:05.936237,2025-03-18 12:37:42.745799,0 days 00:00:36.809562,70,,RF,BorderlineSMOTE,Standard,COMPLETE
498,0.821121331424993,2025-03-18 12:37:08.176615,2025-03-18 12:37:40.870393,0 days 00:00:32.693778,70,,RF,BorderlineSMOTE,QT,COMPLETE
499,0.8042997883928539,2025-03-18 12:37:08.717200,2025-03-18 12:37:38.721927,0 days 00:00:30.004727,40,,RF,BorderlineSMOTE,QT,COMPLETE
